hasil,pathImg
"[17519086, -121245.05140272486, 12427.581608447925]",halotessssss
